{
  "TRENDING_UP": {
    "n_estimators": 551,
    "learning_rate": 0.013901542495285761,
    "max_depth": 6,
    "min_child_weight": 5,
    "subsample": 0.9948521342166293,
    "colsample_bytree": 0.7547633171597801,
    "reg_alpha": 0.9993384130743219,
    "reg_lambda": 2.0701048453628252,
    "_best_accuracy": 0.4230769230769231,
    "_n_trials": 50,
    "objective": "multi:softprob",
    "num_class": 3,
    "verbosity": 0,
    "random_state": 42,
    "n_jobs": -1,
    "eval_metric": "mlogloss"
  },
  "TRENDING_DOWN": {
    "n_estimators": 427,
    "learning_rate": 0.06054305102157792,
    "max_depth": 6,
    "min_child_weight": 4,
    "subsample": 0.6873064153189612,
    "colsample_bytree": 0.7621262414290915,
    "reg_alpha": 0.44632200845003617,
    "reg_lambda": 1.8400063208269695,
    "_best_accuracy": 0.43597122302158275,
    "_n_trials": 50,
    "objective": "multi:softprob",
    "num_class": 3,
    "verbosity": 0,
    "random_state": 42,
    "n_jobs": -1,
    "eval_metric": "mlogloss"
  },
  "RANGING": {
    "n_estimators": 150,
    "learning_rate": 0.01140767100281962,
    "max_depth": 4,
    "min_child_weight": 7,
    "subsample": 0.9107859798006946,
    "colsample_bytree": 0.6902671330642105,
    "reg_alpha": 0.37477029693260805,
    "reg_lambda": 0.7145412880646019,
    "_best_accuracy": 0.4187725631768953,
    "_n_trials": 50,
    "objective": "multi:softprob",
    "num_class": 3,
    "verbosity": 0,
    "random_state": 42,
    "n_jobs": -1,
    "eval_metric": "mlogloss"
  }
}